,inchiKeys
0,SIAPCJWMELPYOE-UHFFFAOYSA-N
1,MPMYQQHEHYDOCL-UHFFFAOYSA-N
2,RSHAOIXHUHAZPM-UHFFFAOYSA-N
3,AZDRQVAHHNSJOQ-UHFFFAOYSA-N
4,UCKMPCXJQFINFW-UHFFFAOYSA-N
5,NTTOTNSKUYCDAV-UHFFFAOYSA-N
6,FAQLAUHZSGTTLN-UHFFFAOYSA-N
7,HCHKCACWOHOZIP-UHFFFAOYSA-N
8,KJNGJIPPQOFCSK-UHFFFAOYSA-N
9,BQCADISMDOOEFD-UHFFFAOYSA-N
10,MUBOSUMMMUSVEO-UHFFFAOYSA-N
11,BPBOBPIKWGUSQG-UHFFFAOYSA-N
12,KRHYYFGTRYWZRS-UHFFFAOYSA-N
13,VEXZGXHMUGYJMC-UHFFFAOYSA-N
14,CPELXLSAUQHCOX-UHFFFAOYSA-N
15,XMBWDFGMSWQBCA-UHFFFAOYSA-N
16,XLYOFNOQVPJJNP-UHFFFAOYSA-N
17,WMFOQBRAJBCJND-UHFFFAOYSA-M
18,HEMHJVSKTPXQMS-UHFFFAOYSA-M
19,JRZXVMRJFIJQOG-UHFFFAOYSA-M
20,KWYUFKZDYYNOTN-UHFFFAOYSA-M
21,QGZKDVFQNNGYKY-UHFFFAOYSA-N
22,MHAJPDPJQMAIIY-UHFFFAOYSA-N
23,AZWJGRDHTVFEMS-UHFFFAOYSA-N
24,GQZXNSPRSGFJLY-UHFFFAOYSA-N
25,UEZVMMHDMIWARA-UHFFFAOYSA-N
26,ODGCEQLVLXJUCC-UHFFFAOYSA-N
27,LSNNMFCWUKXFEE-UHFFFAOYSA-N
28,IYZLQNZDOREALN-UHFFFAOYSA-N
29,UQSQSQZYBQSBJZ-UHFFFAOYSA-N
30,QAOWNCQODCNURD-UHFFFAOYSA-N
31,DWYMPOCYEZONEA-UHFFFAOYSA-N
32,NBIIXXVUZAFLBC-UHFFFAOYSA-N
33,WBPJDOUFWQVMRN-UHFFFAOYSA-N
34,ZMZDMBWJUHKJPS-UHFFFAOYSA-N
35,BDAGIHXWWSANSR-UHFFFAOYSA-N
36,YMWUJEATGCHHMB-UHFFFAOYSA-N
37,HEDRZPFGACZZDS-UHFFFAOYSA-N
38,INQOMBQAUSQDDS-UHFFFAOYSA-N
39,OKKJLVBELUTLKV-UHFFFAOYSA-N
40,BVKZGUZCCUSVTD-UHFFFAOYSA-N
41,BVKZGUZCCUSVTD-UHFFFAOYSA-N
42,QTBSBXVTEAMEQO-UHFFFAOYSA-N
43,MUBZPKHOEPUJKR-UHFFFAOYSA-N
44,DTQVDTLACAAQTR-UHFFFAOYSA-N
45,JXTHNDFMNIQAHM-UHFFFAOYSA-N
46,LFQSCWFLJHTTHZ-UHFFFAOYSA-N
48,AEMRFAOFKBGASW-UHFFFAOYSA-N
49,AFVFQIVMOAPDHO-UHFFFAOYSA-N
50,AFVFQIVMOAPDHO-UHFFFAOYSA-N
51,ITMCEJHCFYSIIV-UHFFFAOYSA-N
52,CSCPPACGZOOCGX-UHFFFAOYSA-N
53,IAZDPXIOMUYVGZ-UHFFFAOYSA-N
54,JZMJDSHXVKJFKW-UHFFFAOYSA-N
55,HZAXFHJVJLSVMW-UHFFFAOYSA-N
56,XBDQKXXYIPTUBI-UHFFFAOYSA-N
57,XBDQKXXYIPTUBI-UHFFFAOYSA-N
58,OFOBLEOULBTSOW-UHFFFAOYSA-N
59,KFZMGEQAYNKOFK-UHFFFAOYSA-N
60,PIICEJLVQHRZGT-UHFFFAOYSA-N
61,JVTAAEKCZFNVCJ-UHFFFAOYSA-N
62,CQDGTJPVBWZJAZ-UHFFFAOYSA-N
63,CCIVGXIOQKPBKL-UHFFFAOYSA-N
64,CCIVGXIOQKPBKL-UHFFFAOYSA-N
66,VZCYOOQTPOCHFL-UHFFFAOYSA-N
67,VZCYOOQTPOCHFL-UPHRSURJSA-N
68,HZWXJJCSDBQVLF-UHFFFAOYSA-N
69,ZTQSAGDEMFDKMZ-UHFFFAOYSA-N
70,DNIAPMSPPWPWGF-UHFFFAOYSA-N
71,XNWFRZJHXBZDAG-UHFFFAOYSA-N
72,KIWBPDUYBMNFTB-UHFFFAOYSA-N
73,SUMDYPCJJOFFON-UHFFFAOYSA-N
75,KQNPFQTWMSNSAP-UHFFFAOYSA-N
76,FERIUCNNQQJTOY-UHFFFAOYSA-N
77,XEKOWRVHYACXOJ-UHFFFAOYSA-N
78,PEDCQBHIVMGVHV-UHFFFAOYSA-N
79,KDYFGRWQOYBRFD-UHFFFAOYSA-N
81,UIERETOOQGIECD-UHFFFAOYSA-N
82,OKJIRPAQVSHGFK-UHFFFAOYSA-N
84,BJEPYKJPYRNKOW-UHFFFAOYSA-N
86,YBRBMKDOPFTVDT-UHFFFAOYSA-N
87,HPNMFZURTQLUMO-UHFFFAOYSA-N
88,GLUUGHFHXGJENI-UHFFFAOYSA-N
89,ODHCTXKNWHHXJC-VKHMYHEASA-N
90,CKLJMWTZIZZHCS-UHFFFAOYSA-N
92,KPGXRSRHYNQIFN-UHFFFAOYSA-N
93,FEWJPZIEWOKRBE-UHFFFAOYSA-N
94,FEWJPZIEWOKRBE-JCYAYHJZSA-N
96,AFAXGSQYZLGZPG-UHFFFAOYSA-N
97,AFAXGSQYZLGZPG-UHFFFAOYSA-N
99,CBTVGIZVANVGBH-UHFFFAOYSA-N
100,UEEJHVSXFDXPFK-UHFFFAOYSA-N
101,IUGYQRQAERSCNH-UHFFFAOYSA-N
102,NQPDZGIKBAWPEJ-UHFFFAOYSA-N
103,JFCQEDHGNNZCLN-UHFFFAOYSA-N
106,ZBCBWPMODOFKDW-UHFFFAOYSA-N
109,JMOXSQYGVIXBBZ-UHFFFAOYSA-N
110,LENZDBCJOHFCAS-UHFFFAOYSA-N
111,WHUUTDBJXJRKMK-UHFFFAOYSA-N
114,AWUCVROLDVIAJX-UHFFFAOYSA-N
119,MLMQPDHYNJCQAO-UHFFFAOYSA-N
120,OBNCKNCVKJNDBV-UHFFFAOYSA-N
121,FUZZWVXGSFPDMH-UHFFFAOYSA-N
122,FUZZWVXGSFPDMH-UHFFFAOYSA-N
123,WNLRTRBMVRJNCN-UHFFFAOYSA-N
124,CIWBSHSKHKDKBQ-UHFFFAOYSA-N
126,GDPPXFUBIJJIKR-UHFFFAOYSA-N
127,XBRDBODLCHKXHI-UHFFFAOYSA-N
129,KRKNYBCHXYNGOX-UHFFFAOYSA-N
130,ZMANZCXQSJIPKH-UHFFFAOYSA-N
131,KKFDCBRMNNSAAW-UHFFFAOYSA-N
132,BGRZYWXCSAHKIM-UHFFFAOYSA-N
139,BFSVOASYOCHEOV-UHFFFAOYSA-N
140,MNWFXJYAOYHMED-UHFFFAOYSA-N
141,IAJILQKETJEXLJ-UHFFFAOYSA-N
142,AEMOLEFTQBMNLQ-UHFFFAOYSA-N
143,AEMOLEFTQBMNLQ-UHFFFAOYSA-N
144,ZRPLANDPDWYOMZ-UHFFFAOYSA-N
145,DYQNFDGSRZGVFU-UHFFFAOYSA-N
146,KDXKERNSBIXSRK-UHFFFAOYSA-N
147,HCAJEUSONLESMK-UHFFFAOYSA-N
148,DSLZVSRJTYRBFB-UHFFFAOYSA-N
149,DSLZVSRJTYRBFB-DUHBMQHGSA-N
150,GSEJCLTVZPLZKY-UHFFFAOYSA-N
151,RGHNJXZEOKUKBD-UHFFFAOYSA-N
153,WWZKQHOCKIZLMA-UHFFFAOYSA-N
154,AMMPLVWPWSYRDR-UHFFFAOYSA-N
155,ODKSFYDXXFIFQN-BYPYZUCNSA-N
158,KWMLJOLKUYYJFJ-UHFFFAOYSA-N
159,KWMLJOLKUYYJFJ-VFUOTHLCSA-N
160,MBBZMMPHUWSWHV-UHFFFAOYSA-N
161,LSPHULWDVZXLIL-LDWIPMOCSA-N
162,MIOPJNTWMNEORI-UHFFFAOYSA-N
163,GHVNFZFCNZKVNT-UHFFFAOYSA-N
164,BALGERHMIXFENA-UHFFFAOYSA-N
165,FRPZMMHWLSIFAZ-UHFFFAOYSA-N
167,ZDPHROOEEOARMN-UHFFFAOYSA-N
168,XBPCUCUWBYBCDP-UHFFFAOYSA-N
169,KCXVZYZYPLLWCC-UHFFFAOYSA-N
170,AQBAIEHUWUCZIE-UHFFFAOYSA-N
171,POULHZVOKOAJMA-UHFFFAOYSA-N
174,MOTZDAYCYVMXPC-UHFFFAOYSA-N
177,JYTUSYBCFIZPBE-UHFFFAOYSA-N
178,IPCSVZSSVZVIGE-UHFFFAOYSA-N
179,KRIXEEBVZRZHOS-UHFFFAOYSA-N
180,ZQPPMHVWECSIRJ-UHFFFAOYSA-N
181,ZQPPMHVWECSIRJ-UHFFFAOYSA-N
182,QIQXTHQIDYTFRH-UHFFFAOYSA-N
